{"cameraMode":{"drawMode":0,"name":"Shaded","section":"Shading Mode"},"sceneLighting":false,"audioPlay":false,"sceneViewState":{"m_AlwaysRefresh":false,"showFog":true,"showSkybox":false,"showFlares":true,"showImageEffects":true,"showParticleSystems":true,"showVisualEffectGraphs":true,"m_FxEnabled":true},"in2DMode":false,"pivot":{"x":-0.05889391526579857,"y":-2.950000047683716,"z":1.9365589618682862},"rotation":{"x":0.4249047636985779,"y":-0.2111683189868927,"z":0.10263121873140335,"w":0.8742601871490479},"size":3.6907801628112795,"orthographic":false}