{"cameraMode":{"drawMode":0,"name":"Shaded","section":"Shading Mode"},"sceneLighting":false,"audioPlay":false,"sceneViewState":{"m_AlwaysRefresh":false,"showFog":true,"showSkybox":true,"showFlares":true,"showImageEffects":true,"showParticleSystems":true,"showVisualEffectGraphs":true,"m_FxEnabled":true},"in2DMode":false,"pivot":{"x":1002.7999877929688,"y":958.2999877929688,"z":997.3200073242188},"rotation":{"x":0.14294205605983735,"y":-0.08746924996376038,"z":0.012683241628110409,"w":0.9857787489891052},"size":12.12435531616211,"orthographic":false}