{"cameraMode":{"drawMode":0,"name":"Shaded","section":"Shading Mode"},"sceneLighting":false,"audioPlay":false,"sceneViewState":{"m_AlwaysRefresh":false,"showFog":true,"showSkybox":true,"showFlares":true,"showImageEffects":true,"showParticleSystems":true,"showVisualEffectGraphs":true,"m_FxEnabled":true},"in2DMode":false,"pivot":{"x":-0.031040191650390626,"y":-2.5492630004882814,"z":-1.6282033920288087},"rotation":{"x":0.10335596650838852,"y":-0.8950042724609375,"z":0.27685755491256716,"w":0.3341226875782013},"size":12.732550621032715,"orthographic":false}